itemId	name	from	location	slot	type	special	mats	prio
22220	Plans: Black Grasp of the Destroyer	Moam	AQ20	Recipe	Blacksmithing	TRUE		
21214	Tome of Frostbolt XI	Zone Drop	AQ20	Recipe	Book	TRUE		
21281	Grimoire of Shadow Bolt X	Zone Drop	AQ20	Recipe	Book	TRUE		
21279	Tome of Fireball XII	Zone Drop	AQ20	Recipe	Book	TRUE		
21291	Tablet of Healing Wave X	Zone Drop	AQ20	Recipe	Book	TRUE		
21300	Handbook of Backstab IX	Zone Drop	AQ20	Recipe	Book	TRUE		
21295	Book of Starfire VII	Zone Drop	AQ20	Recipe	Book	TRUE		
21293	Tablet of Grace of Air Totem III	Zone Drop	AQ20	Recipe	Book	TRUE		
21304	Guide: Multi-Shot V	Zone Drop	AQ20	Recipe	Book	TRUE		
21298	Manual of Battle Shout VII	Zone Drop	AQ20	Recipe	Book	TRUE		
21297	Manual of Heroic Strike IX	Zone Drop	AQ20	Recipe	Book	TRUE		
21290	Libram: Holy Light IX	Zone Drop	AQ20	Recipe	Book	TRUE		
21280	Tome of Arcane Missiles VIII	Zone Drop	AQ20	Recipe	Book	TRUE		
21292	Tablet of Strength of Earth Totem V	Zone Drop	AQ20	Recipe	Book	TRUE		
21289	Libram: Blessing of Might VII	Zone Drop	AQ20	Recipe	Book	TRUE		
21287	Codex of Prayer of Healing V	Zone Drop	AQ20	Recipe	Book	TRUE		
21296	Book of Rejuvenation XI	Zone Drop	AQ20	Recipe	Book	TRUE		
21303	Handbook of Feint V	Zone Drop	AQ20	Recipe	Book	TRUE		
21306	Guide: Serpent Sting IX	Zone Drop	AQ20	Recipe	Book	TRUE		
21307	Guide: Aspect of the Hawk VII	Zone Drop	AQ20	Recipe	Book	TRUE		
21302	Handbook of Deadly Poison V	Zone Drop	AQ20	Recipe	Book	TRUE		
21283	Grimoire of Corruption VII	Zone Drop	AQ20	Recipe	Book	TRUE		
21294	Book of Healing Touch XI	Zone Drop	AQ20	Recipe	Book	TRUE		
21282	Grimoire of Immolate VIII	Zone Drop	AQ20	Recipe	Book	TRUE		
21285	Codex of Renew X	Zone Drop	AQ20	Recipe	Book	TRUE		
21299	Manual of Revenge VI	Zone Drop	AQ20	Recipe	Book	TRUE		
21284	Codex of Greater Heal V	Zone Drop	AQ20	Recipe	Book	TRUE		
21288	Libram: Blessing of Wisdom VI	Zone Drop	AQ20	Recipe	Book	TRUE		
21478	Bow of Taut Sinew	Ayamiss the Hunter	AQ20	Weapon	Bow			
21464	Shackles of the Unscarred	Ossirian the Unscarred	AQ20	Armor	Cloth			
21462	Gloves of Dark Wisdom	Ossirian the Unscarred	AQ20	Armor	Cloth			
21461	Leggings of the Black Blizzard	Ossirian the Unscarred	AQ20	Armor	Cloth			
21456	Sandstorm Cloak	Ossirian the Unscarred	AQ20	Armor	Cloth			
21468	Mantle of Maz'Nadir	Moam	AQ20	Armor	Cloth			
21470	Cloak of the Savior	Moam	AQ20	Armor	Cloth			
21496	Bracers of Qiraji Command	General Rajaxx	AQ20	Armor	Cloth			
21489	Quicksand Waders	Buru the Gorger	AQ20	Armor	Cloth			
21472	Dustwind Turban	Moam	AQ20	Armor	Cloth			
21500	Belt of the Inquisition	Kurinnaxx	AQ20	Armor	Cloth			
21499	Vestments of the Shifting Sands	Kurinnaxx	AQ20	Armor	Cloth			
21810	Treads of the Wandering Nomad	Zone Drop	AQ20	Armor	Cloth			
21459	Crossbow of Imminent Doom	Ossirian the Unscarred	AQ20	Weapon	Crossbow			
21498	Qiraji Sacrificial Dagger	Kurinnaxx	AQ20	Weapon	Dagger			
21802	The Lost Kris of Zedd	Zone Drop	AQ20	Weapon	Dagger			
21800	Silithid Husked Launcher	Zone Drop	AQ20	Weapon	Gun			
21455	Southwind Helm	Moam	AQ20	Armor	Leather			
21458	Gauntlets of New Life	Ossirian the Unscarred	AQ20	Armor	Leather			
21467	Thick Silithid Chestguard	Moam	AQ20	Armor	Leather			
21469	Gauntlets of Southwind	Moam	AQ20	Armor	Leather			
21474	Chitinous Shoulderguards	Moam	AQ20	Armor	Leather			
21484	Helm of Regrowth	Ayamiss the Hunter	AQ20	Armor	Leather			
21491	Scaled Bracers of the Gorger	Buru the Gorger	AQ20	Armor	Leather			
21493	Boots of the Vanguard	General Rajaxx	AQ20	Armor	Leather			
21494	Southwind's Grasp	General Rajaxx	AQ20	Armor	Leather			
21501	Toughened Silithid Hide Gloves	Kurinnaxx	AQ20	Armor	Leather			
21466	Stinger of Ayamiss	Ayamiss the Hunter	AQ20	Weapon	Mace			
21715	Sand Polished Hammer	Ossirian the Unscarred	AQ20	Weapon	Mace			
21806	Gavel of Qiraji Authority	Zone Drop	AQ20	Weapon	Mace			
21454	Runic Stone Shoulders	Ossirian the Unscarred	AQ20	Armor	Mail			
21463	Ossirian's Binding	Ossirian the Unscarred	AQ20	Armor	Mail			
21476	Obsidian Scaled Leggings	Moam	AQ20	Armor	Mail			
21482	Boots of the Fiery Sands	Ayamiss the Hunter	AQ20	Armor	Mail			
21487	Slimy Scaled Gauntlets	Buru the Gorger	AQ20	Armor	Mail			
21502	Sand Reaver Wristguards	Kurinnaxx	AQ20	Armor	Mail			
21497	Boots of the Qiraji General	General Rajaxx	AQ20	Armor	Mail			
21480	Scaled Silithid Gauntlets	Ayamiss the Hunter	AQ20	Armor	Mail			
21804	Coif of Elemental Fury	Zone Drop	AQ20	Armor	Mail			
21471	Talon of Furious Concentration	Moam	AQ20	Armor	Miscellaneous			
21473	Eye of Moam	Moam	AQ20	Armor	Miscellaneous			
21477	Ring of Fury	Moam	AQ20	Armor	Miscellaneous			
21483	Ring of the Desert Winds	Ayamiss the Hunter	AQ20	Armor	Miscellaneous			
21488	Fetish of Chitinous Spikes	Buru the Gorger	AQ20	Armor	Miscellaneous			
21809	Fury of the Forgotten Swarm	Zone Drop	AQ20	Armor	Miscellaneous			
21460	Helm of Domination	Ossirian the Unscarred	AQ20	Armor	Plate			
21457	Bracers of Brutality	Ossirian the Unscarred	AQ20	Armor	Plate			
21453	Mantle of the Horusath	Ossirian the Unscarred	AQ20	Armor	Plate			
21475	Legplates of the Destroyer	Moam	AQ20	Armor	Plate			
21479	Gauntlets of the Immovable	Zone Drop	AQ20	Armor	Plate			
21490	Slime Kickers	Buru the Gorger	AQ20	Armor	Plate			
21481	Boots of the Desert Protector	Ayamiss the Hunter	AQ20	Armor	Plate			
21486	Gloves of the Swarm	Buru the Gorger	AQ20	Armor	Plate			
21495	Legplates of the Qiraji Command	General Rajaxx	AQ20	Armor	Plate			
21503	Belt of the Sand Reaver	Kurinnaxx	AQ20	Armor	Plate			
21803	Helm of the Holy Avenger	Zone Drop	AQ20	Armor	Plate			
21805	Polished Obsidian Pauldrons	Zone Drop	AQ20	Armor	Plate			
20861	Bronze Scarab	Zone Drop	AQ20	Quest	Quest			
20862	Crystal Scarab	Zone Drop	AQ20	Quest	Quest			
20865	Ivory Scarab	Zone Drop	AQ20	Quest	Quest			
20860	Silver Scarab	Zone Drop	AQ20	Quest	Quest			
20858	Stone Scarab	Zone Drop	AQ20	Quest	Quest			
20864	Bone Scarab	Zone Drop	AQ20	Quest	Quest			
20863	Clay Scarab	Zone Drop	AQ20	Quest	Quest			
20859	Gold Scarab	Zone Drop	AQ20	Quest	Quest			
20869	Amber Idol	Zone Drop	AQ20	Quest	Quest			
20871	Obsidian Idol	Zone Drop	AQ20	Quest	Quest			
20868	Lambent Idol	Zone Drop	AQ20	Quest	Quest			
20866	Azure Idol	Zone Drop	AQ20	Quest	Quest			
20884	Qiraji Magisterial Ring	Zone Drop	AQ20	Quest	Quest	TRUE		Turn in Requires Honored with Cenarion Circle. Awards: |cffa335ee|Hitem:21408::::::::60:|h[Band of Unending Life]|h|r |cffa335ee|Hitem:21414::::::::60:|h[Band of Vaulted Secrets Life]|h|r |cffa335ee|Hitem:21393::::::::60:|h[Signet of Unyielding Strength]|h|r |cffa335ee|Hitem:21396::::::::60:|h[Ring of Eternal Justice]|h|r
20890	Qiraji Ornate Hilt	Zone Drop	AQ20	Quest	Quest	TRUE		Turn in Requires Exalted with Cenarion Circle. Awards: |cffa335ee|Hitem:21413::::::::60:|h[Blade of Vaulted Secrets]|h|r |cffa335ee|Hitem:21410::::::::60:|h[Gavel of Infinite Wisdom]|h|r |cffa335ee|Hitem:21416::::::::60:|h[Kris of Unspoken Names]|h|r  |cffa335ee|Hitem:21407::::::::60:|h[Mace of Unending Life]|h|r
20886	Qiraji Spiked Hilt	Zone Drop	AQ20	Quest	Quest	TRUE		Turn in Requires Exalted with Cenarion Circle. Awards: |cffa335ee|Hitem:21395::::::::60:|h[Blade of Eternal Justice]|h|r |cffa335ee|Hitem:21404::::::::60:|h[Dagger of Veiled Shadows]|h|r |cffa335ee|Hitem:21401::::::::60:|h[Scythe of the Unseen Path]|h|r |cffa335ee|Hitem:21392::::::::60:|h[Sickle of Unyielding Strength]|h|r
20889	Qiraji Regal Drape	Zone Drop	AQ20	Quest	Quest	TRUE		Turn in Requires Revered with Cenarion Circle. Awards: |cffa335ee|Hitem:21397::::::::60:|h[Cape of Eternal Justice]|h|r |cffa335ee|Hitem:21403::::::::60:|h[Cloak of the Unseen Path]|h|r |cffa335ee|Hitem:21409::::::::60:|h[Cloak of Unending Life]|h|r |cffa335ee|Hitem:21418::::::::60:|h[Shroud of Unspoken Names]|h|r
20885	Qiraji Martial Drape	Zone Drop	AQ20	Quest	Quest	TRUE		Turn in Requires Revered with Cenarion Circle. Awards: |cffa335ee|Hitem:21406::::::::60:|h[Cloak of Veiled Shadows]|h|r |cffa335ee|Hitem:21394::::::::60:|h[Drape of Unyielding Strength]|h|r |cffa335ee|Hitem:21415::::::::60:|h[Drape of Vaulted Secrets]|h|r |cffa335ee|Hitem:21412::::::::60:|h[Shroud of Infinite Wisdom]|h|r
20870	Jasper Idol	Zone Drop	AQ20	Quest	Quest			
20873	Alabaster Idol	Zone Drop	AQ20	Quest	Quest			
20888	Qiraji Ceremonial Ring	Zone Drop	AQ20	Quest	Quest	TRUE		Turn in Requires Honored with Cenarion Circle. Awards: |cffa335ee|Hitem:21405::::::::60:|h[Band of Veiled Shadows]|h|r |cffa335ee|Hitem:21411::::::::60:|h[Ring of Infinite Wisdom]|h|r |cffa335ee|Hitem:21417::::::::60:|h[Ring of Unspoken Names]|h|r |cffa335ee|Hitem:21402::::::::60:|h[Signet of the Unseen Path]|h|r
20867	Onyx Idol	Zone Drop	AQ20	Quest	Quest			
20872	Vermillion Idol	Zone Drop	AQ20	Quest	Quest			
21220	Head of Ossirian the Unscarred	Ossirian the Unscarred	AQ20	Quest	Quest			Awards: |cffa335ee|Hitem:21504::::::::60:|h[Charm of the Shifting Sands]|h|r |cffa335ee|Hitem:21507::::::::60:|h[Amulet of the Shifting Sands]|h|r |cffa335ee|Hitem:21505::::::::60:|h[Choker of the Shifting Sands]|h|r |cffa335ee|Hitem:21506::::::::60:|h[Pendant of the Shifting Sands]|h|r
21485	Buru's Skull Fragment	Buru the Gorger	AQ20	Armor	Shield			
21452	Staff of the Ruins	Ossirian the Unscarred	AQ20	Weapon	Staff			
21492	Manslayer of the Qiraji	General Rajaxx	AQ20	Weapon	Sword			
21801	Antenna of Invigoration	Zone Drop	AQ20	Weapon	Wand			
21856	Neretzek, The Blood Drinker	Zone Drop	AQ40	Weapon	Axe			
21134	Dark Edge of Insanity	C'Thun	AQ40	Weapon	Axe			
22222	Plans: Thick Obsidian Breastplate	The Prophet Skeram	AQ40	Recipe	Blacksmithing	TRUE		
21616	Huhuran's Stinger	Princess Huhuran	AQ40	Weapon	Bow			
21583	Cloak of Clarity	C'Thun	AQ40	Armor	Cloth			
21585	Dark Storm Gauntlets	C'Thun	AQ40	Armor	Cloth			
21615	Don Rigoberto's Lost Hat	Ouro	AQ40	Armor	Cloth			
21604	Bracelets of Royal Redemption	Emperor Vek'nilash	AQ40	Armor	Cloth			
21611	Burrower Bracers	Ouro	AQ40	Armor	Cloth			
21619	Gloves of the Messiah	Princess Huhuran	AQ40	Armor	Cloth			
21648	Recomposed Boots	Battleguard Sartura	AQ40	Armor	Cloth			
21663	Robes of the Guardian Saint	Fankriss the Unyielding	AQ40	Armor	Cloth			
21582	Grasp of the Old God	C'Thun	AQ40	Armor	Cloth			
21600	Boots of Epiphany	Emperor Vek'lor	AQ40	Armor	Cloth			
21676	Leggings of the Festering Swarm	Battleguard Sartura	AQ40	Armor	Cloth			
21686	Mantle of Phrenic Power	Princess Yauj	AQ40	Armor	Cloth			
21621	Cloak of the Golden Hive	Princess Huhuran	AQ40	Armor	Cloth			
21671	Robes of the Battleguard	Battleguard Sartura	AQ40	Armor	Cloth			
21627	Cloak of Untold Secrets	Fankriss the Unyielding	AQ40	Armor	Cloth			
21694	Ternary Mantle	Zone Drop	AQ40	Armor	Cloth			
21701	Cloak of Concentrated Hatred	The Prophet Skeram	AQ40	Armor	Cloth			
21697	Cape of the Trinity	Zone Drop	AQ40	Armor	Cloth			
21696	Robes of the Triumvirate	Zone Drop	AQ40	Armor	Cloth			
21838	Garb of Royal Ascension	Zone Drop	AQ40	Armor	Cloth			
21888	Gloves of the Immortal	Zone Drop	AQ40	Armor	Cloth			
22730	Eyestalk Waist Cord	C'Thun	AQ40	Armor	Cloth			
22731	Cloak of the Devoured	C'Thun	AQ40	Armor	Cloth			
21126	Death's Sting	C'Thun	AQ40	Weapon	Dagger			
20726	Formula: Enchant Gloves - Threat	Emperor Vek'nilash	AQ40	Recipe	Enchanting	TRUE		
20735	Formula: Enchant Cloak - Subtlety	Emperor Vek'lor	AQ40	Recipe	Enchanting	TRUE		
21673	Silithid Claw	Battleguard Sartura	AQ40	Weapon	Fist Weapon			
23557	Larvae of the Great Worm	Ouro	AQ40	Weapon	Gun			
22399	Idol of Health	Viscidus	AQ40	Armor	Idol			
21218	Blue Qiraji Resonating Crystal	Zone Drop	AQ40	Miscellaneous	Junk	TRUE		
21232	Imperial Qiraji Armaments	Zone Drop	AQ40	Miscellaneous	Junk			
21237	Imperial Qiraji Regalia	Zone Drop	AQ40	Miscellaneous	Junk			
21323	Green Qiraji Resonating Crystal	Zone Drop	AQ40	Miscellaneous	Junk	TRUE		
21324	Yellow Qiraji Resonating Crystal	Zone Drop	AQ40	Miscellaneous	Junk	TRUE		
21321	Red Qiraji Resonating Crystal	Zone Drop	AQ40	Miscellaneous	Junk	TRUE		
21602	Qiraji Execution Bracers	Emperor Vek'lor	AQ40	Armor	Leather			
21617	Wasphide Gauntlets	Princess Huhuran	AQ40	Armor	Leather			
21609	Regenerating Belt of Vek'nilash	Emperor Vek'nilash	AQ40	Armor	Leather			
21605	Gloves of the Hidden Temple	Emperor Vek'nilash	AQ40	Armor	Leather			
21675	Thick Qirajihide Belt	Battleguard Sartura	AQ40	Armor	Leather			
21672	Gloves of Enforcement	Battleguard Sartura	AQ40	Armor	Leather			
21586	Belt of Never-ending Agony	C'Thun	AQ40	Armor	Leather			
21665	Mantle of Wicked Revenge	Fankriss the Unyielding	AQ40	Armor	Leather			
21680	Vest of Swift Execution	Lord Kri	AQ40	Armor	Leather			
21669	Creeping Vine Helm	Battleguard Sartura	AQ40	Armor	Leather			
21645	Hive Tunneler's Boots	Fankriss the Unyielding	AQ40	Armor	Leather			
21693	Guise of the Devourer	Zone Drop	AQ40	Armor	Leather			
21698	Leggings of Immersion	The Prophet Skeram	AQ40	Armor	Leather			
21682	Bile-Covered Gauntlets	Princess Yauj	AQ40	Armor	Leather			
21708	Beetle Scaled Wristguards	The Prophet Skeram	AQ40	Armor	Leather			
21689	Gloves of Ebru	Vem	AQ40	Armor	Leather			
22402	Libram of Grace	Fankriss the Unyielding	AQ40	Armor	Libram			
21703	Hammer of Ji'zhi	The Prophet Skeram	AQ40	Weapon	Mace			
21839	Scepter of the False Prophet	C'Thun	AQ40	Weapon	Mace			
21837	Anubisath Warhammer	Zone Drop	AQ40	Weapon	Mace			
21599	Vek'lor's Gloves of Devastation	Emperor Vek'lor	AQ40	Armor	Mail			
21607	Grasp of the Fallen Emperor	Emperor Vek'nilash	AQ40	Armor	Mail			
21626	Slime-coated Leggings	Viscidus	AQ40	Armor	Mail			
21668	Scaled Leggings of Qiraji Fury	Battleguard Sartura	AQ40	Armor	Mail			
21624	Gauntlets of Kalimdor	Viscidus	AQ40	Armor	Mail			
21651	Scaled Sand Reaver Leggings	Fankriss the Unyielding	AQ40	Armor	Mail			
21684	Mantle of the Desert's Fury	Princess Yauj	AQ40	Armor	Mail			
21699	Barrage Shoulders	The Prophet Skeram	AQ40	Armor	Mail			
21705	Boots of the Fallen Prophet	The Prophet Skeram	AQ40	Armor	Mail			
21890	Gloves of the Fallen Prophet	Zone Drop	AQ40	Armor	Mail			
21579	Vanquished Tentacle of C'Thun	C'Thun	AQ40	Armor	Miscellaneous			
21596	Ring of the Godslayer	C'Thun	AQ40	Armor	Miscellaneous			
21601	Ring of Emperor Vek'lor	Emperor Vek'lor	AQ40	Armor	Miscellaneous			
21597	Royal Scepter of Vek'lor	Emperor Vek'lor	AQ40	Armor	Miscellaneous			
21620	Ring of the Martyr	Princess Huhuran	AQ40	Armor	Miscellaneous			
21608	Amulet of Vek'nilash	Emperor Vek'nilash	AQ40	Armor	Miscellaneous			
21647	Fetish of the Sand Reaver	Fankriss the Unyielding	AQ40	Armor	Miscellaneous			
21625	Scarab Brooch	Viscidus	AQ40	Armor	Miscellaneous			
21677	Ring of the Qiraji Fury	Viscidus	AQ40	Armor	Miscellaneous			
21685	Petrified Scarab	Lord Kri	AQ40	Armor	Miscellaneous			
21666	Sartura's Might	Battleguard Sartura	AQ40	Armor	Miscellaneous			
21678	Necklace of Purity	Battleguard Sartura	AQ40	Armor	Miscellaneous			
21670	Badge of the Swarmguard	Battleguard Sartura	AQ40	Armor	Miscellaneous			
21664	Barbed Choker	Fankriss the Unyielding	AQ40	Armor	Miscellaneous			
21687	Ukko's Ring of Darkness	Princess Yauj	AQ40	Armor	Miscellaneous			
21695	Angelista's Touch	Zone Drop	AQ40	Armor	Miscellaneous			
21681	Ring of the Devoured	Lord Kri	AQ40	Armor	Miscellaneous			
21702	Amulet of Foul Warding	The Prophet Skeram	AQ40	Armor	Miscellaneous			
21700	Pendant of the Qiraji Guardian	The Prophet Skeram	AQ40	Armor	Miscellaneous			
21707	Ring of Swarming Thought	The Prophet Skeram	AQ40	Armor	Miscellaneous			
21690	Angelista's Charm	Vem	AQ40	Armor	Miscellaneous			
21891	Shard of the Fallen Star	Zone Drop	AQ40	Armor	Miscellaneous			
21836	Ritssyn's Ring of Chaos	Zone Drop	AQ40	Armor	Miscellaneous			
22732	Mark of C'Thun	C'Thun	AQ40	Armor	Miscellaneous			
23558	The Burrower's Shell	Ouro	AQ40	Armor	Miscellaneous			
23570	Jom Gabbar	Ouro	AQ40	Armor	Miscellaneous			
21581	Gauntlets of Annihilation	C'Thun	AQ40	Armor	Plate			
21598	Royal Qiraji Belt	Emperor Vek'lor	AQ40	Armor	Plate			
21618	Hive Defiler Wristguards	Princess Huhuran	AQ40	Armor	Plate			
21606	Belt of the Fallen Emperor	Emperor Vek'nilash	AQ40	Armor	Plate			
21639	Pauldrons of the Unrelenting	Fankriss the Unyielding	AQ40	Armor	Plate			
21623	Gauntlets of the Righteous Champion	Viscidus	AQ40	Armor	Plate			
21652	Silithid Carapace Chestguard	Fankriss the Unyielding	AQ40	Armor	Plate			
21667	Legplates of Blazing Light	Battleguard Sartura	AQ40	Armor	Plate			
21704	Boots of the Redeemed Prophecy	The Prophet Skeram	AQ40	Armor	Plate			
21692	Triad Girdle	Zone Drop	AQ40	Armor	Plate			
21691	Ooze-ridden Gauntlets	Vem	AQ40	Armor	Plate			
21688	Boots of the Fallen Hero	Vem	AQ40	Armor	Plate			
21683	Mantle of the Desert Crusade	Princess Yauj	AQ40	Armor	Plate			
21706	Boots of the Unwavering Will	The Prophet Skeram	AQ40	Armor	Plate			
21674	Gauntlets of Steadfast Determination	Battleguard Sartura	AQ40	Armor	Plate			
21814	Breastplate of Annihilation	The Prophet Skeram	AQ40	Armor	Plate			
21889	Gloves of the Redeemed Prophecy	Zone Drop	AQ40	Armor	Plate			
21635	Barb of the Sand Reaver	Fankriss the Unyielding	AQ40	Weapon	Polearm			
20877	Idol of the Sage	Zone Drop	AQ40	Quest	Quest	TRUE		
20876	Idol of Death	Zone Drop	AQ40	Quest	Quest	TRUE		
20879	Idol of Life	Zone Drop	AQ40	Quest	Quest	TRUE		
20927	Ouro's Intact Hide	Ouro	AQ40	Quest	Quest	TRUE		
20878	Idol of Rebirth	Zone Drop	AQ40	Quest	Quest	TRUE		
20882	Idol of War	Zone Drop	AQ40	Quest	Quest	TRUE		
20932	Qiraji Bindings of Dominance	Zone Drop	AQ40	Quest	Quest	TRUE		
20931	Skin of the Great Sandworm	Ouro	AQ40	Quest	Quest	TRUE		
20881	Idol of Strife	Zone Drop	AQ40	Quest	Quest	TRUE		
20875	Idol of Night	Zone Drop	AQ40	Quest	Quest	TRUE		
20874	Idol of the Sun	Zone Drop	AQ40	Quest	Quest	TRUE		
20930	Vek'lor's Diadem	Emperor Vek'lor	AQ40	Quest	Quest	TRUE		
20928	Qiraji Bindings of Command	Zone Drop	AQ40	Quest	Quest	TRUE		
20929	Carapace of the Old God	C'Thun	AQ40	Quest	Quest	TRUE		
20926	Vek'nilash's Circlet	Emperor Vek'nilash	AQ40	Quest	Quest	TRUE		
20933	Husk of the Old God	C'Thun	AQ40	Quest	Quest	TRUE		
21221	Eye of C'Thun	C'Thun	AQ40	Quest	Quest	TRUE		
21610	Wormscale Blocker	Ouro	AQ40	Armor	Shield			
21128	Staff of the Qiraji Prophets	The Prophet Skeram	AQ40	Weapon	Staff			
21622	Sharpened Silithid Femur	Viscidus	AQ40	Weapon	Sword			
21650	Ancient Qiraji Ripper	Fankriss the Unyielding	AQ40	Weapon	Sword			
21679	Kalimdor's Revenge	Emperor Vek'nilash	AQ40	Weapon	Sword			
22396	Totem of Life	Fankriss the Unyielding	AQ40	Armor	Totem			
21603	Wand of Qiraji Nobility	Lord Kri	AQ40	Weapon	Wand			
19363	Crul'shorukh, Edge of Chaos	Nefarian	BWL	Weapon	Axe			Fury warriors > OT
19353	Drake Talon Cleaver	Zone Drop	BWL	Weapon	Axe			Warrior dps then ret paladin
19354	Draconic Avenger	Death Talon Wyrmguard	BWL	Weapon	Axe			No priority, burn a main roll if you want it
19362	Doom's Edge	Zone Drop	BWL	Weapon	Axe			Someone with Edgemasters that will use it
19350	Heartstriker	Broodlord Lashlayer	BWL	Weapon	Bow			Rogues and warrior dps
19375	Mish'undare, Circlet of the Mind Flayer	Nefarian	BWL	Armor	Cloth			Caster dps > holy pally > OS
16818	Netherwind Belt	Vaelastrasz the Corrupt	BWL	Armor	Cloth			
16913	Netherwind Gloves	Zone Drop	BWL	Armor	Cloth			
16912	Netherwind Boots	Broodlord Lashlayer	BWL	Armor	Cloth			
16917	Netherwind Mantle	Chromaggus	BWL	Armor	Cloth			
16918	Netherwind Bindings	Razorgore the Untamed	BWL	Armor	Cloth			
16934	Nemesis Bracers	Razorgore the Untamed	BWL	Armor	Cloth			
16919	Boots of Transcendence	Broodlord Lashlayer	BWL	Armor	Cloth			
16924	Pauldrons of Transcendence	Chromaggus	BWL	Armor	Cloth			
16923	Robes of Transcendence	Nefarian	BWL	Armor	Cloth			
16916	Netherwind Robes	Nefarian	BWL	Armor	Cloth			
16920	Handguards of Transcendence	Zone Drop	BWL	Armor	Cloth			
16928	Nemesis Gloves	Zone Drop	BWL	Armor	Cloth			
16927	Nemesis Boots	Broodlord Lashlayer	BWL	Armor	Cloth			
16933	Nemesis Belt	Vaelastrasz the Corrupt	BWL	Armor	Cloth			
16925	Belt of Transcendence	Vaelastrasz the Corrupt	BWL	Armor	Cloth			
16932	Nemesis Spaulders	Chromaggus	BWL	Armor	Cloth			
16931	Nemesis Robes	Nefarian	BWL	Armor	Cloth			
16926	Bindings of Transcendence	Razorgore the Untamed	BWL	Armor	Cloth			
19374	Bracers of Arcane Accuracy	Broodlord Lashlayer	BWL	Armor	Cloth			Locks & Mages > shadow priest (shadow priests get 10% hit from talents)
19388	Angelista's Grasp	Chromaggus	BWL	Armor	Cloth			Mages and locks, then shadow priests
19369	Gloves of Rapid Evolution	Razorgore the Untamed	BWL	Armor	Cloth			Healers > Caster dps > Offspec
19398	Cloak of Firemaw	Firemaw	BWL	Armor	Cloth			Rogues
19385	Empowered Leggings	Chromaggus	BWL	Armor	Cloth			Healers
19370	Mantle of the Blackwing Cabal	Razorgore the Untamed	BWL	Armor	Cloth			Caster dps
19386	Elementium Threaded Cloak	Chromaggus	BWL	Armor	Cloth			Druid tank then warrior MT then warrior OT
19378	Cloak of the Brood Lord	Nefarian	BWL	Armor	Cloth			
19391	Shimmering Geta	Chromaggus	BWL	Armor	Cloth			Healers
19430	Shroud of Pure Thought	Flamegor	BWL	Armor	Cloth			Healers
19399	Black Ash Robe	Firemaw	BWL	Armor	Cloth			All healers (Druid tank should consider if fire resist upgrade)
19400	Firemaw's Clutch	Firemaw	BWL	Armor	Cloth			Caster dps
19407	Ebony Flame Gloves	Ebonroc	BWL	Armor	Cloth			Warlocks and shadow priests
19438	Ringo's Blizzard Boots	Death Talon Wyrmguard	BWL	Armor	Cloth			Mages
19437	Boots of Pure Thought	Zone Drop	BWL	Armor	Cloth			All healers
19436	Cloak of Draconic Might	Zone Drop	BWL	Armor	Cloth			DPS warriors (including OT) then ret paladin and feral dps
19361	Ashjre'thul, Crossbow of Smiting	Chromaggus	BWL	Weapon	Crossbow			Hunters
19347	Claw of Chromaggus	Chromaggus	BWL	Weapon	Dagger			Resto druid & Caster dps
19346	Dragonfang Blade	Vaelastrasz the Corrupt	BWL	Weapon	Dagger			Dagger rogues (Warrior tank first, if needed)
19365	Claw of the Black Drake	Firemaw	BWL	Weapon	Fist Weapon			No priority
19368	Dragonbreath Hand Cannon	Ebonroc	BWL	Weapon	Gun			Warrior tank, then warrior dps and rogues
16832	Bloodfang Spaulders	Chromaggus	BWL	Armor	Leather			
16903	Stormrage Belt	Vaelastrasz the Corrupt	BWL	Armor	Leather			
16902	Stormrage Pauldrons	Chromaggus	BWL	Armor	Leather			
16899	Stormrage Handguards	Zone Drop	BWL	Armor	Leather			
16898	Stormrage Boots	Broodlord Lashlayer	BWL	Armor	Leather			
16897	Stormrage Chestguard	Nefarian	BWL	Armor	Leather			
16904	Stormrage Bracers	Razorgore the Untamed	BWL	Armor	Leather			
16906	Bloodfang Boots	Broodlord Lashlayer	BWL	Armor	Leather			
16905	Bloodfang Chestpiece	Nefarian	BWL	Armor	Leather			
16910	Bloodfang Belt	Vaelastrasz the Corrupt	BWL	Armor	Leather			
16907	Bloodfang Gloves	Zone Drop	BWL	Armor	Leather			
16911	Bloodfang Bracers	Razorgore the Untamed	BWL	Armor	Leather			
19396	Taut Dragonhide Belt	Zone Drop	BWL	Armor	Leather			Druid tank
19390	Taut Dragonhide Gloves	Chromaggus	BWL	Armor	Leather			Holy paladins then resto druids
19381	Boots of the Shadow Flame	Nefarian	BWL	Armor	Leather			Feral tank > feral dps > then rogues
19389	Taut Dragonhide Shoulderpads	Chromaggus	BWL	Armor	Leather			Druid tanks then feral dps
19405	Malfurion's Blessed Bulwark	Ebonroc	BWL	Armor	Leather			
19439	Interlaced Shadow Jerkin	Death Talon Wyrmguard	BWL	Armor	Leather			Druid tanks for shadow resist
19335	Spineshatter	Razorgore the Untamed	BWL	Weapon	Mace			DPS warrior
19357	Herald of Woe	Flamegor	BWL	Weapon	Mace			Ret paladin
19360	Lok'amir il Romathis	Nefarian	BWL	Weapon	Mace			
19358	Draconic Maul	Zone Drop	BWL	Weapon	Mace			Feral > PvP roll
16936	Dragonstalker's Belt	Vaelastrasz the Corrupt	BWL	Armor	Mail			
16937	Dragonstalker's Spaulders	Chromaggus	BWL	Armor	Mail			
16950	Breastplate of Ten Storms	Nefarian	BWL	Armor	Mail			
16949	Greaves of Ten Storms	Broodlord Lashlayer	BWL	Armor	Mail			
16943	Bracers of Ten Storms	Razorgore the Untamed	BWL	Armor	Mail			
16944	Belt of Ten Storms	Vaelastrasz the Corrupt	BWL	Armor	Mail			
16942	Dragonstalker's Breastplate	Nefarian	BWL	Armor	Mail			
16935	Dragonstalker's Bracers	Razorgore the Untamed	BWL	Armor	Mail			
16948	Gauntlets of Ten Storms	Zone Drop	BWL	Armor	Mail			
16945	Epaulets of Ten Storms	Chromaggus	BWL	Armor	Mail			
16940	Dragonstalker's Gauntlets	Zone Drop	BWL	Armor	Mail			
16941	Dragonstalker's Greaves	Broodlord Lashlayer	BWL	Armor	Mail			
19380	Therazane's Link	Nefarian	BWL	Armor	Mail			Hunters
19393	Primalist's Linked Waistguard	Chromaggus	BWL	Armor	Mail			
19373	Black Brood Pauldrons	Broodlord Lashlayer	BWL	Armor	Mail			Hunters
19401	Primalist's Linked Legguards	Firemaw	BWL	Armor	Mail			
19433	Emberweave Leggings	Flamegor	BWL	Armor	Mail			Tanks for fire resist then hunters
19336	Arcane Infused Gem	Razorgore the Untamed	BWL	Armor	Miscellaneous			Hunters
19337	The Black Book	Razorgore the Untamed	BWL	Armor	Miscellaneous			
19340	Rune of Metamorphosis	Vaelastrasz the Corrupt	BWL	Armor	Miscellaneous			Feral dps > druid offspec
19341	Lifegiving Gem	Broodlord Lashlayer	BWL	Armor	Miscellaneous			MT > OT > Offspec
19343	Scrolls of Blinding Light	Firemaw	BWL	Armor	Miscellaneous			Paladins
19342	Venomous Totem	Broodlord Lashlayer	BWL	Armor	Miscellaneous			Rogues
19344	Natural Alignment Crystal	Firemaw	BWL	Armor	Miscellaneous			
19345	Aegis of Preservation	Ebonroc	BWL	Armor	Miscellaneous			Priests
19376	Archimtiros' Ring of Reckoning	Nefarian	BWL	Armor	Miscellaneous			Druid tank then paladin tank
19371	Pendant of the Fallen Dragon	Vaelastrasz the Corrupt	BWL	Armor	Miscellaneous			Healers
19339	Mind Quickening Gem	Vaelastrasz the Corrupt	BWL	Armor	Miscellaneous			Mages
19379	Neltharion's Tear	Nefarian	BWL	Armor	Miscellaneous			Locks, then mages, then shadow priests (Locks need +hit the most)
19382	Pure Elementium Band	Nefarian	BWL	Armor	Miscellaneous			Healers
19406	Drake Fang Talisman	Ebonroc	BWL	Armor	Miscellaneous			MT > Druid tank/rogue/warrior dps > feral dps/hunter/ret
19403	Band of Forced Concentration	Ebonroc	BWL	Armor	Miscellaneous			Mages & warlocks > shadow priests > OS
19397	Ring of Blackrock	Zone Drop	BWL	Armor	Miscellaneous			Caster dps
19377	Prestor's Talisman of Connivery	Nefarian	BWL	Armor	Miscellaneous			Hunters, rogues, feral dps
19395	Rejuvenating Gem	Zone Drop	BWL	Armor	Miscellaneous			Healers
19431	Styleen's Impeding Scarab	Flamegor	BWL	Armor	Miscellaneous			Tanks
19434	Band of Dark Dominion	Zone Drop	BWL	Armor	Miscellaneous			Locks then shadow priests
19432	Circle of Applied Force	Flamegor	BWL	Armor	Miscellaneous			Tank > Melee dps
16961	Pauldrons of Wrath	Chromaggus	BWL	Armor	Plate			
16951	Judgement Bindings	Razorgore the Untamed	BWL	Armor	Plate			
16957	Judgement Sabatons	Broodlord Lashlayer	BWL	Armor	Plate			
16960	Waistband of Wrath	Vaelastrasz the Corrupt	BWL	Armor	Plate			
16952	Judgement Belt	Vaelastrasz the Corrupt	BWL	Armor	Plate			
16966	Breastplate of Wrath	Nefarian	BWL	Armor	Plate			
16964	Gauntlets of Wrath	Zone Drop	BWL	Armor	Plate			
16953	Judgement Spaulders	Chromaggus	BWL	Armor	Plate			
16956	Judgement Gauntlets	Zone Drop	BWL	Armor	Plate			
16958	Judgement Breastplate	Nefarian	BWL	Armor	Plate			
16959	Bracelets of Wrath	Razorgore the Untamed	BWL	Armor	Plate			
16965	Sabatons of Wrath	Broodlord Lashlayer	BWL	Armor	Plate			
19372	Helm of Endless Rage	Vaelastrasz the Corrupt	BWL	Armor	Plate			Warrior tanks > OS
19387	Chromatic Boots	Chromaggus	BWL	Armor	Plate			MT > OT/Fury Warrior/Ret paladin
19394	Drake Talon Pauldrons	Zone Drop	BWL	Armor	Plate			MT > OT > Melee dps
19402	Legguards of the Fallen Crusader	Firemaw	BWL	Armor	Plate			Ret Paladins/Warrior DPS
19392	Girdle of the Fallen Crusader	Chromaggus	BWL	Armor	Plate			Paladins
19003	Head of Nefarian	Nefarian	BWL	Quest	Quest	TRUE		Priority to melee DPS and hunters that do not have an epic ring (Quick Strike Ring, Band of Accuria, Circle of Applied Force) and any caster DPS that has a Mageblade or BWL 1 handed weapon. Also prot paladins.
19002	Head of Nefarian	Nefarian	BWL	Quest	Quest	TRUE		Priority to melee DPS and hunters that do not have an epic ring (Quick Strike Ring, Band of Accuria, Circle of Applied Force) and any caster DPS that has a Mageblade or BWL 1 handed weapon. Also prot paladins.
20383	Head of the Broodlord Lashlayer	Broodlord Lashlayer	BWL	Quest	Quest	TRUE		
21138	Red Scepter Shard	Nefarian	BWL	Quest	Quest	TRUE		
19349	Elementium Reinforced Bulwark	Chromaggus	BWL	Armor	Shield			Warrior tank
19348	Red Dragonscale Protector	Vaelastrasz the Corrupt	BWL	Armor	Shield			Holy paladins
19355	Shadow Wing Focus Staff	Zone Drop	BWL	Weapon	Staff			Caster dps > resto druid
19356	Staff of the Shadow Flame	Nefarian	BWL	Weapon	Staff			
19351	Maladath, Runed Blade of the Black Flight	Broodlord Lashlayer	BWL	Weapon	Sword			MT > Fury Warriors & Sword Rogues
19364	Ashkandi, Greatsword of the Brotherhood	Nefarian	BWL	Weapon	Sword			Warrior dps/ret paladin > Hunters
19334	The Untamed Blade	Razorgore the Untamed	BWL	Weapon	Sword			2H Warrior dps & Ret pally
19352	Chromatically Tempered Sword	Chromaggus	BWL	Weapon	Sword			Fury warriors and sword rogues
18562	Elementium Ore	Blackwing Technician	BWL	Trade Goods	Trade Goods		TRUE	
19367	Dragon's Touch	Flamegor	BWL	Weapon	Wand			Caster dps
19435	Essence Gatherer	Zone Drop	BWL	Weapon	Wand			Holy priests
18257	Recipe: Major Rejuvenation Potion	Zone Drop	MC	Recipe	Alchemy	TRUE		
17104	Spinal Reaper	Ragnaros	MC	Weapon	Axe			2H Fury/ Ret Paladin
18264	Plans: Elemental Sharpening Stone	Zone Drop	MC	Recipe	Blacksmithing	TRUE		
17069	Striker's Mark	Magmadar	MC	Weapon	Bow			Rogue BIS/DPS Warrior/Tank
16795	Arcanist Crown	Garr	MC	Armor	Cloth			
16798	Arcanist Robes	Golemagg the Incinerator	MC	Armor	Cloth			
16802	Arcanist Belt	Zone Drop	MC	Armor	Cloth			
16797	Arcanist Mantle	Baron Geddon	MC	Armor	Cloth			
16806	Felheart Belt	Zone Drop	MC	Armor	Cloth			
16805	Felheart Gloves	Lucifron	MC	Armor	Cloth			
16808	Felheart Horns	Garr	MC	Armor	Cloth			
16796	Arcanist Leggings	Magmadar	MC	Armor	Cloth			
16815	Robes of Prophecy	Golemagg the Incinerator	MC	Armor	Cloth			
16804	Felheart Bracers	Zone Drop	MC	Armor	Cloth			
16803	Felheart Slippers	Shazzrah	MC	Armor	Cloth			
16819	Vambraces of Prophecy	Zone Drop	MC	Armor	Cloth			
16816	Mantle of Prophecy	Sulfuron Harbinger	MC	Armor	Cloth			
16817	Girdle of Prophecy	Zone Drop	MC	Armor	Cloth			
16800	Arcanist Boots	Lucifron	MC	Armor	Cloth			
16809	Felheart Robes	Golemagg the Incinerator	MC	Armor	Cloth			
16807	Felheart Shoulder Pads	Baron Geddon	MC	Armor	Cloth			
16814	Pants of Prophecy	Magmadar	MC	Armor	Cloth			
16812	Gloves of Prophecy	Gehennas	MC	Armor	Cloth			
16811	Boots of Prophecy	Shazzrah	MC	Armor	Cloth			
16810	Felheart Pants	Magmadar	MC	Armor	Cloth			
16813	Circlet of Prophecy	Garr	MC	Armor	Cloth			
16799	Arcanist Bindings	Zone Drop	MC	Armor	Cloth			
16801	Arcanist Gloves	Shazzrah	MC	Armor	Cloth			
16922	Leggings of Transcendence	Ragnaros	MC	Armor	Cloth			
16915	Netherwind Pants	Ragnaros	MC	Armor	Cloth			
16930	Nemesis Leggings	Ragnaros	MC	Armor	Cloth			
17102	Cloak of the Shrouded Mists	Ragnaros	MC	Armor	Cloth			Hunter/Rogue/Fury Warriors
17107	Dragon's Blood Cape	Ragnaros	MC	Armor	Cloth			Tank
18811	Fireproof Cloak	Majordomo Executus	MC	Armor	Cloth			Fire Resist
18809	Sash of Whispered Secrets	Majordomo Executus	MC	Armor	Cloth			Warlock/Shadow Priest
18872	Manastorm Leggings	Zone Drop	MC	Armor	Cloth			Healer
19136	Mana Igniting Cord	Zone Drop	MC	Armor	Cloth			Caster DPS
19145	Robe of Volatile Power	Zone Drop	MC	Armor	Cloth			Caster DPS
17071	Gutgore Ripper	Garr	MC	Weapon	Dagger			Rogue
18805	Core Hound Tooth	Majordomo Executus	MC	Weapon	Dagger			Rogue
18816	Perdition's Blade	Ragnaros	MC	Weapon	Dagger			Rogue
18878	Sorcerous Dagger	Zone Drop	MC	Weapon	Dagger			Caster DPS
18260	Formula: Enchant Weapon - Healing Power	Zone Drop	MC	Recipe	Enchanting	TRUE		
18259	Formula: Enchant Weapon - Spell Power	Zone Drop	MC	Recipe	Enchanting	TRUE		
18292	Schematic: Core Marksman Rifle	Zone Drop	MC	Recipe	Engineering	TRUE		
18290	Schematic: Biznicks 247x128 Accurascope	Zone Drop	MC	Recipe	Engineering	TRUE		
18291	Schematic: Force Reactive Disk	Zone Drop	MC	Recipe	Engineering	TRUE		
18203	Eskhandar's Right Claw	Magmadar	MC	Weapon	Fist Weapon			Tank/1H Fury/Rogue
17072	Blastershot Launcher	Golemagg the Incinerator	MC	Weapon	Gun			Tanks
18563	Bindings of the Windseeker	Baron Geddon	MC	Miscellaneous	Junk			
18564	Bindings of the Windseeker	Garr	MC	Miscellaneous	Junk			
16824	Nightslayer Boots	Shazzrah	MC	Armor	Leather			
16820	Nightslayer Chestpiece	Golemagg the Incinerator	MC	Armor	Leather			
16823	Nightslayer Shoulder Pads	Sulfuron Harbinger	MC	Armor	Leather			
16821	Nightslayer Cover	Garr	MC	Armor	Leather			
16831	Cenarion Gloves	Shazzrah	MC	Armor	Leather			
16825	Nightslayer Bracelets	Zone Drop	MC	Armor	Leather			
16822	Nightslayer Pants	Magmadar	MC	Armor	Leather			
16836	Cenarion Spaulders	Baron Geddon	MC	Armor	Leather			
16829	Cenarion Boots	Lucifron	MC	Armor	Leather			
16826	Nightslayer Gloves	Gehennas	MC	Armor	Leather			
16828	Cenarion Belt	Zone Drop	MC	Armor	Leather			
16827	Nightslayer Belt	Zone Drop	MC	Armor	Leather			
16835	Cenarion Leggings	Magmadar	MC	Armor	Leather			
16830	Cenarion Bracers	Zone Drop	MC	Armor	Leather			
16834	Cenarion Helm	Garr	MC	Armor	Leather			
16833	Cenarion Vestments	Golemagg the Incinerator	MC	Armor	Leather			
16901	Stormrage Legguards	Ragnaros	MC	Armor	Leather			
16909	Bloodfang Pants	Ragnaros	MC	Armor	Leather			
18810	Wild Growth Spaulders	Majordomo Executus	MC	Armor	Leather			Resto Druid/Holy Pally
18823	Aged Core Leather Gloves	Zone Drop	MC	Armor	Leather			Dagger Rogue > Feral/1H Fury
18875	Salamander Scale Pants	Zone Drop	MC	Armor	Leather			Resto Druid/ Holy Pally
19146	Wristguards of Stability	Zone Drop	MC	Armor	Leather			Feral/Fury Warrior
18252	Pattern: Core Armor Kit	Zone Drop	MC	Recipe	Leatherworking	TRUE		
17073	Earthshaker	Magmadar	MC	Weapon	Mace			Ret Pally/ 2H Fury
17105	Aurastone Hammer	Garr	MC	Weapon	Mace			Resto Druid/Holy Paladin
16839	Earthfury Gauntlets	Gehennas	MC	Armor	Mail			
16847	Giantstalker's Leggings	Magmadar	MC	Armor	Mail			
16843	Earthfury Legguards	Magmadar	MC	Armor	Mail			
16849	Giantstalker's Boots	Gehennas	MC	Armor	Mail			
16840	Earthfury Bracers	Zone Drop	MC	Armor	Mail			
16850	Giantstalker's Bracers	Zone Drop	MC	Armor	Mail			
16841	Earthfury Vestments	Golemagg the Incinerator	MC	Armor	Mail			
16851	Giantstalker's Belt	Zone Drop	MC	Armor	Mail			
16837	Earthfury Boots	Lucifron	MC	Armor	Mail			
16846	Giantstalker's Helmet	Garr	MC	Armor	Mail			
16844	Earthfury Epaulets	Baron Geddon	MC	Armor	Mail			
16842	Earthfury Helmet	Garr	MC	Armor	Mail			
16845	Giantstalker's Breastplate	Golemagg the Incinerator	MC	Armor	Mail			
16852	Giantstalker's Gloves	Shazzrah	MC	Armor	Mail			
16838	Earthfury Belt	Zone Drop	MC	Armor	Mail			
16848	Giantstalker's Epaulets	Sulfuron Harbinger	MC	Armor	Mail			
16938	Dragonstalker's Legguards	Ragnaros	MC	Armor	Mail			
16946	Legplates of Ten Storms	Ragnaros	MC	Armor	Mail			
18812	Wristguards of True Flight	Majordomo Executus	MC	Armor	Mail			Hunter
18817	Crown of Destruction	Ragnaros	MC	Armor	Mail			Hunter/ Fury Warrior/Ret Pally
18829	Deep Earth Spaulders	Zone Drop	MC	Armor	Mail			None
18870	Helm of the Lifegiver	Zone Drop	MC	Armor	Mail			
19144	Sabatons of the Flamewalker	Zone Drop	MC	Armor	Mail			Hunter/Ret Pally
17065	Medallion of Steadfast Might	Magmadar	MC	Armor	Miscellaneous			Tank
17082	Shard of the Flame	Ragnaros	MC	Armor	Miscellaneous			None
17063	Band of Accuria	Ragnaros	MC	Armor	Miscellaneous			Tank then Melee DPS/Hunters
17109	Choker of Enlightenment	Lucifron	MC	Armor	Miscellaneous			Caster DPS
17110	Seal of the Archmagus	Baron Geddon	MC	Armor	Miscellaneous			Caster/ Healers
18646	The Eye of Divinity	Majordomo Executus	MC	Armor	Miscellaneous			Priests
18815	Essence of the Pure Flame	Ragnaros	MC	Armor	Miscellaneous			
18820	Talisman of Ephemeral Power	Zone Drop	MC	Armor	Miscellaneous			Caster DPS
18814	Choker of the Fire Lord	Ragnaros	MC	Armor	Miscellaneous			Caster DPS
18821	Quick Strike Ring	Zone Drop	MC	Armor	Miscellaneous			Hunter/ Melee DPS
18879	Heavy Dark Iron Ring	Zone Drop	MC	Armor	Miscellaneous			Tank
19147	Ring of Spell Power	Zone Drop	MC	Armor	Miscellaneous			Caster DPS
19138	Band of Sulfuras	Ragnaros	MC	Armor	Miscellaneous			Casters
19142	Fire Runed Grimoire	Zone Drop	MC	Armor	Miscellaneous			Healers
16858	Lawbringer Belt	Zone Drop	MC	Armor	Plate			
16855	Lawbringer Legplates	Magmadar	MC	Armor	Plate			
16853	Lawbringer Chestguard	Golemagg the Incinerator	MC	Armor	Plate			
16868	Pauldrons of Might	Sulfuron Harbinger	MC	Armor	Plate			
16856	Lawbringer Spaulders	Baron Geddon	MC	Armor	Plate			
16866	Helm of Might	Garr	MC	Armor	Plate			
16854	Lawbringer Helm	Garr	MC	Armor	Plate			
16857	Lawbringer Bracers	Zone Drop	MC	Armor	Plate			
16864	Belt of Might	Zone Drop	MC	Armor	Plate			
16861	Bracers of Might	Zone Drop	MC	Armor	Plate			
16860	Lawbringer Gauntlets	Gehennas	MC	Armor	Plate			
16867	Legplates of Might	Magmadar	MC	Armor	Plate			
16862	Sabatons of Might	Gehennas	MC	Armor	Plate			
16863	Gauntlets of Might	Lucifron	MC	Armor	Plate			
16859	Lawbringer Boots	Lucifron	MC	Armor	Plate			
16865	Breastplate of Might	Golemagg the Incinerator	MC	Armor	Plate			
16954	Judgement Legplates	Ragnaros	MC	Armor	Plate			
16962	Legplates of Wrath	Ragnaros	MC	Armor	Plate			
18824	Magma Tempered Boots	Zone Drop	MC	Armor	Plate			Holy Pally
18861	Flamewaker Legplates	Zone Drop	MC	Armor	Plate			Tank
19137	Onslaught Girdle	Ragnaros	MC	Armor	Plate			Fury Warrior / Ret Pally
19143	Flameguard Gauntlets	Zone Drop	MC	Armor	Plate			Ret Pally/ Fury DPS
17074	Shadowstrike	Sulfuron Harbinger	MC	Weapon	Polearm			None
18703	Ancient Petrified Leaf	Majordomo Executus	MC	Quest	Quest	TRUE		Hunters
19017	Essence of the Firelord	Ragnaros	MC	Quest	Quest	TRUE		
17010	Fiery Core	Zone Drop	MC	Reagent	Reagent		TRUE	
17011	Lava Core	Zone Drop	MC	Reagent	Reagent		TRUE	
17066	Drillborer Disk	Garr	MC	Armor	Shield			Tank
17106	Malistar's Defender	Ragnaros	MC	Armor	Shield			Holly Pally
18842	Staff of Dominance	Golemagg the Incinerator	MC	Weapon	Staff			Caster DPS
17103	Azuresong Mageblade	Golemagg the Incinerator	MC	Weapon	Sword			Caster DPS
17076	Bonereaver's Edge	Ragnaros	MC	Weapon	Sword			Ret Pally/ 2H Fury
18822	Obsidian Edged Blade	Zone Drop	MC	Weapon	Sword			Ret Pally/ 2H Fury
18832	Brutality Blade	Garr	MC	Weapon	Sword			1H Fury/Rogue
18265	Pattern: Flarecore Wraps	Zone Drop	MC	Recipe	Tailoring	TRUE		
17203	Sulfuron Ingot	Golemagg the Incinerator	MC	Trade Goods	Trade Goods		TRUE	
17204	Eye of Sulfuras	Ragnaros	MC	Trade Goods	Trade Goods		TRUE	
17077	Crimson Shocker	Zone Drop	MC	Weapon	Wand			Wand Users
22815	Severance	Patchwerk	Naxx	Weapon	Axe			
22816	Hatchet of Sundered Bone	Noth the Plaguebringer	Naxx	Weapon	Axe			
22938	Cryptfiend Silk Cloak	Anub'Rekhan	Naxx	Armor	Cloth			
23017	Veil of Eclipse	Instructor Razuvious	Naxx	Armor	Cloth			
23030	Cloak of the Scourge	Noth the Plaguebringer	Naxx	Armor	Cloth			
22960	Cloak of Suturing	Patchwerk	Naxx	Armor	Cloth			
22968	Glacial Mantle	Grobbulus	Naxx	Armor	Cloth			
23045	Shroud of Dominion	Sapphiron	Naxx	Armor	Cloth			
23050	Cloak of the Necropolis	Sapphiron	Naxx	Armor	Cloth			
22983	Rime Covered Mantle	Gluth	Naxx	Armor	Cloth			
23032	Glacial Headdress	Gothik the Harvester	Naxx	Armor	Cloth			
23070	Leggings of Polarity	Thaddius	Naxx	Armor	Cloth			
23021	The Soul Harvester's Bindings	Gothik the Harvester	Naxx	Armor	Cloth			
23035	Preceptor's Hat	Heigan the Unclean	Naxx	Armor	Cloth			
23220	Crystal Webbed Robe	Maexxna	Naxx	Armor	Cloth			
22804	Maexxna's Fang	Maexxna	Naxx	Weapon	Dagger			
22802	Kingsfall	Kel'Thuzad	Naxx	Weapon	Dagger			
22803	Midnight Haze	Grobbulus	Naxx	Weapon	Dagger			
23242	Claw of the Frost Wyrm	Sapphiron	Naxx	Weapon	Fist Weapon			
22810	Toxin Injector	Grobbulus	Naxx	Weapon	Gun			
23004	Idol of Longevity	Instructor Razuvious	Naxx	Armor	Idol			
22354	Desecrated Pauldrons	Zone Drop	Naxx	Miscellaneous	Junk			
22353	Desecrated Helmet	Thaddius	Naxx	Miscellaneous	Junk			
22359	Desecrated Legguards	Loatheb	Naxx	Miscellaneous	Junk			
22355	Desecrated Bracers	Zone Drop	Naxx	Miscellaneous	Junk			
22356	Desecrated Waistguard	Zone Drop	Naxx	Miscellaneous	Junk			
22367	Desecrated Circlet	Thaddius	Naxx	Miscellaneous	Junk			
22358	Desecrated Sabatons	Zone Drop	Naxx	Miscellaneous	Junk			
22370	Desecrated Belt	Zone Drop	Naxx	Miscellaneous	Junk			
22364	Desecrated Handguards	Maexxna	Naxx	Miscellaneous	Junk			
22362	Desecrated Wristguards	Zone Drop	Naxx	Miscellaneous	Junk			
22361	Desecrated Spaulders	Zone Drop	Naxx	Miscellaneous	Junk			
22363	Desecrated Girdle	Zone Drop	Naxx	Miscellaneous	Junk			
22369	Desecrated Bindings	Zone Drop	Naxx	Miscellaneous	Junk			
22352	Desecrated Legplates	Loatheb	Naxx	Miscellaneous	Junk			
22366	Desecrated Leggings	Loatheb	Naxx	Miscellaneous	Junk			
22371	Desecrated Gloves	Maexxna	Naxx	Miscellaneous	Junk			
22365	Desecrated Boots	Zone Drop	Naxx	Miscellaneous	Junk			
22368	Desecrated Shoulderpads	Zone Drop	Naxx	Miscellaneous	Junk			
22372	Desecrated Sandals	Zone Drop	Naxx	Miscellaneous	Junk			
22357	Desecrated Gauntlets	Maexxna	Naxx	Miscellaneous	Junk			
22360	Desecrated Headpiece	Thaddius	Naxx	Miscellaneous	Junk			
22520	The Phylactery of Kel'Thuzad	Kel'Thuzad	Naxx	Miscellaneous	Junk	TRUE		
22726	Splinter of Atiesh	Zone Drop	Naxx	Miscellaneous	Junk			
22941	Polar Shoulder Pads	Grand Widow Faerlina	Naxx	Armor	Leather			
23020	Polar Helmet	Gothik the Harvester	Naxx	Armor	Leather			
23073	Boots of Displacement	Gothik the Harvester	Naxx	Armor	Leather			
23006	Libram of Light	Noth the Plaguebringer	Naxx	Armor	Libram			
22798	Might of Menethil	Kel'Thuzad	Naxx	Weapon	Mace			
22942	The Widow's Embrace	Grand Widow Faerlina	Naxx	Weapon	Mace			
22808	The Castigator	Thaddius	Naxx	Weapon	Mace			
22988	The End of Dreams	Grobbulus	Naxx	Weapon	Mace			
23056	Hammer of the Twisting Nether	Kel'Thuzad	Naxx	Weapon	Mace			
22967	Icy Scale Spaulders	Grobbulus	Naxx	Armor	Mail			
23033	Icy Scale Coif	Heigan the Unclean	Naxx	Armor	Mail			
22939	Band of Unanswered Prayers	Anub'Rekhan	Naxx	Armor	Miscellaneous			
22947	Pendant of Forgotten Names	Maexxna	Naxx	Armor	Miscellaneous			
22943	Malice Stone Pendant	Grand Widow Faerlina	Naxx	Armor	Miscellaneous			
22935	Touch of Frost	Anub'Rekhan	Naxx	Armor	Miscellaneous			
22937	Gem of Nerubis	Anub'Rekhan	Naxx	Armor	Miscellaneous			
22961	Band of Reanimation	Patchwerk	Naxx	Armor	Miscellaneous			
22981	Gluth's Missing Collar	Gluth	Naxx	Armor	Miscellaneous			
23023	Sadist's Collar	Gothik the Harvester	Naxx	Armor	Miscellaneous			
23001	Eye of Diminution	Thaddius	Naxx	Armor	Miscellaneous			
23018	Signet of the Fallen Defender	Instructor Razuvious	Naxx	Armor	Miscellaneous			
22994	Digested Hand of Power	Gluth	Naxx	Armor	Miscellaneous			
23046	The Restrained Essence of Sapphiron	Sapphiron	Naxx	Armor	Miscellaneous			
23038	Band of Unnatural Forces	Loatheb	Naxx	Armor	Miscellaneous			
23037	Ring of Spiritual Fervor	Loatheb	Naxx	Armor	Miscellaneous			
23029	Noth's Frigid Heart	Noth the Plaguebringer	Naxx	Armor	Miscellaneous			
23060	Bonescythe Ring	Kel'Thuzad	Naxx	Armor	Miscellaneous			
23031	Band of the Inevitable	Noth the Plaguebringer	Naxx	Armor	Miscellaneous			
23040	Glyph of Deflection	Sapphiron	Naxx	Armor	Miscellaneous			
23047	Eye of the Dead	Sapphiron	Naxx	Armor	Miscellaneous			
23028	Hailstone Band	Noth the Plaguebringer	Naxx	Armor	Miscellaneous			
23042	Loatheb's Reflection	Loatheb	Naxx	Armor	Miscellaneous			
23066	Ring of Redemption	Kel'Thuzad	Naxx	Armor	Miscellaneous			
23036	Necklace of Necropsy	Heigan the Unclean	Naxx	Armor	Miscellaneous			
23041	Slayer's Crest	Sapphiron	Naxx	Armor	Miscellaneous			
23064	Ring of the Dreamwalker	Kel'Thuzad	Naxx	Armor	Miscellaneous			
23065	Ring of the Earthshatterer	Kel'Thuzad	Naxx	Armor	Miscellaneous			
22954	Kiss of the Spider	Maexxna	Naxx	Armor	Miscellaneous			
23057	Gem of Trapped Innocents	Kel'Thuzad	Naxx	Armor	Miscellaneous			
23063	Plagueheart Ring	Kel'Thuzad	Naxx	Armor	Miscellaneous			
23049	Sapphiron's Left Eye	Sapphiron	Naxx	Armor	Miscellaneous			
23059	Ring of the Dreadnaught	Kel'Thuzad	Naxx	Armor	Miscellaneous			
23061	Ring of Faith	Kel'Thuzad	Naxx	Armor	Miscellaneous			
23062	Frostfire Ring	Kel'Thuzad	Naxx	Armor	Miscellaneous			
23067	Ring of the Cryptstalker	Kel'Thuzad	Naxx	Armor	Miscellaneous			
23053	Stormrage's Talisman of Seething	Kel'Thuzad	Naxx	Armor	Miscellaneous			
23048	Sapphiron's Right Eye	Sapphiron	Naxx	Armor	Miscellaneous			
22940	Icebane Pauldrons	Grand Widow Faerlina	Naxx	Armor	Plate			
22936	Wristguards of Vengeance	Anub'Rekhan	Naxx	Armor	Plate			
23000	Plated Abomination Ribcage	Thaddius	Naxx	Armor	Plate			
23019	Icebane Helmet	Heigan the Unclean	Naxx	Armor	Plate			
23068	Legplates of Carnage	Heigan the Unclean	Naxx	Armor	Plate			
23219	Girdle of the Mentor	Instructor Razuvious	Naxx	Armor	Plate			
23039	The Eye of Nerub	Loatheb	Naxx	Weapon	Polearm			
23548	Might of the Scourge	Sapphiron	Naxx	Quest	Quest	TRUE		
23545	Power of the Scourge	Sapphiron	Naxx	Quest	Quest	TRUE		
22818	The Plague Bearer	Patchwerk	Naxx	Armor	Shield			
22819	Shield of Condemnation	Kel'Thuzad	Naxx	Armor	Shield			
23043	The Face of Death	Sapphiron	Naxx	Armor	Shield			
23075	Death's Bargain	Gluth	Naxx	Armor	Shield			
22800	Brimstone Staff	Loatheb	Naxx	Weapon	Staff			
22801	Spire of Twilight	Thaddius	Naxx	Weapon	Staff			
22799	Soulseeker	Kel'Thuzad	Naxx	Weapon	Staff			
23054	Gressil, Dawn of Ruin	Kel'Thuzad	Naxx	Weapon	Sword			
23014	Iblis, Blade of the Fallen Seraph	Instructor Razuvious	Naxx	Weapon	Sword			
22807	Wraith Blade	Maexxna	Naxx	Weapon	Sword			
22813	Claymore of Unholy Might	Gluth	Naxx	Weapon	Sword			
22806	Widow's Remorse	Grand Widow Faerlina	Naxx	Weapon	Sword			
23005	Totem of Flowing Water	Noth the Plaguebringer	Naxx	Armor	Totem			
22682	Frozen Rune	Zone Drop	Naxx	Trade Goods	Trade Goods		TRUE	
22820	Wand of Fates	Patchwerk	Naxx	Weapon	Wand			
22821	Doomfinger	Kel'Thuzad	Naxx	Weapon	Wand			
23009	Wand of the Whispering Dead	Instructor Razuvious	Naxx	Weapon	Wand			
19852	Ancient Hakkari Manslayer	Hakkar	ZG	Weapon	Axe			1H Fury
19921	Zulian Hacker	Zone Drop	ZG	Weapon	Axe			None
19900	Zulian Stone Axe	High Priest Venoxis	ZG	Weapon	Axe			Hunters
19962	Gri'lek's Carver	Gri'lek	ZG	Weapon	Axe			None
19914	Panther Hide Sack	High Priestess Arlokk	ZG	Container	Bag	TRUE		
22739	Tome of Polymorph: Turtle	Gahz'ranka	ZG	Recipe	Book	TRUE		
19993	Hoodoo Hunting Bow	Wushoolay	ZG	Weapon	Bow			None
20038	Mandokir's Sting	Bloodlord Mandokir	ZG	Weapon	Bow			Hunters
19870	Hakkari Loa Cloak	Bloodlord Mandokir	ZG	Armor	Cloth			Healers
19857	Cloak of Consumption	Hakkar	ZG	Armor	Cloth			Caster DPS
19886	The Hexxer's Cover	Jin'do the Hexxer	ZG	Armor	Cloth			Shadow Priests BIS
19888	Overlord's Embrace	Jin'do the Hexxer	ZG	Armor	Cloth			Tanks
19899	Ritualistic Legguards	High Priest Thekal	ZG	Armor	Cloth			Holy Priests/Healers
19907	Zulian Tigerhide Cloak	High Priest Venoxis	ZG	Armor	Cloth			Melee DPS/Hunter
19897	Betrayer's Boots	High Priest Thekal	ZG	Armor	Cloth			Caster DPS
19929	Bloodtinged Gloves	Jin'do the Hexxer	ZG	Armor	Cloth			Caster DPS
19895	Bloodtinged Kilt	Bloodlord Mandokir	ZG	Armor	Cloth			Caster DPS
20032	Flowing Ritual Robes	High Priestess Mar'li	ZG	Armor	Cloth			Caster DPS
22712	Might of the Tribe	Zone Drop	ZG	Armor	Cloth			Melee DPS/Hunter
22720	Zulian Headdress	Zone Drop	ZG	Armor	Cloth			Healers
22716	Belt of Untapped Power	Zone Drop	ZG	Armor	Cloth			Caster DPS
22711	Cloak of the Hakkari Worshipers	Zone Drop	ZG	Armor	Cloth			
19859	Fang of the Faceless	Hakkar	ZG	Weapon	Dagger			Hunter
19903	Fang of Venoxis	High Priest Venoxis	ZG	Weapon	Dagger			Caster DPS
19965	Wushoolay's Poker	Wushoolay	ZG	Weapon	Dagger			None
19896	Thekal's Grasp	High Priest Thekal	ZG	Weapon	Fist Weapon			None
19910	Arlokk's Grasp	High Priestess Arlokk	ZG	Weapon	Fist Weapon			None
19853	Gurubashi Dwarf Destroyer	Hakkar	ZG	Weapon	Gun			Rogue and Warrior DPS
19872	Swift Razzashi Raptor	Bloodlord Mandokir	ZG	Miscellaneous	Junk	TRUE		
19902	Swift Zulian Tiger	High Priest Thekal	ZG	Miscellaneous	Junk	TRUE		
22637	Primal Hakkari Idol	Zone Drop	ZG	Miscellaneous	Junk			
19877	Animist's Leggings	Bloodlord Mandokir	ZG	Armor	Leather			Resto Druid
19869	Blooddrenched Grips	Bloodlord Mandokir	ZG	Armor	Leather			Feral/Rogue
19889	Blooddrenched Leggings	Jin'do the Hexxer	ZG	Armor	Leather			Feral
19892	Animist's Boots	Jin'do the Hexxer	ZG	Armor	Leather			Resto Druid
19906	Blooddrenched Footpads	High Priest Venoxis	ZG	Armor	Leather			Feral
19928	Animist's Spaulders	High Priestess Jeklik	ZG	Armor	Leather			Resto Druid BIS Phase 4
19945	Foror's Eyepatch	Gahz'ranka	ZG	Armor	Leather			Feral
20261	Shadow Panther Hide Belt	Zone Drop	ZG	Armor	Leather			
20259	Shadow Panther Hide Gloves	Zone Drop	ZG	Armor	Leather			
22718	Blooddrenched Mask	Zone Drop	ZG	Armor	Leather			Feral
19890	Jin'do's Hexxer	Jin'do the Hexxer	ZG	Weapon	Mace			Holy Pally/Resto Druid
19908	Sceptre of Smiting	Zone Drop	ZG	Weapon	Mace			None
19918	Jeklik's Crusher	High Priestess Jeklik	ZG	Weapon	Mace			None
19961	Gri'lek's Grinder	Gri'lek	ZG	Weapon	Mace			None
22713	Zulian Scepter of Rites	Zone Drop	ZG	Weapon	Mace			Healers
19887	Bloodstained Legplates	Jin'do the Hexxer	ZG	Armor	Mail			Shaman/Hunter
19875	Bloodstained Coif	Jin'do the Hexxer	ZG	Armor	Mail			Shaman/Hunter
19919	Bloodstained Greaves	High Priestess Mar'li	ZG	Armor	Mail			None
19904	Runed Bloodstained Hauberk	High Priest Venoxis	ZG	Armor	Mail			Hunter
20260	Seafury Leggings	High Priest Thekal	ZG	Armor	Mail			None
20257	Seafury Gauntlets	Hakkar	ZG	Armor	Mail			Hunter
20262	Seafury Boots	High Priestess Jeklik	ZG	Armor	Mail			None
22715	Gloves of the Tormented	Zone Drop	ZG	Armor	Mail			Hunter
19871	Talisman of Protection	High Priestess Mar'li	ZG	Armor	Miscellaneous			Tanks
19873	Overlord's Crimson Band	Bloodlord Mandokir	ZG	Armor	Miscellaneous			Warrior OT (MT likely have better)
19856	The Eye of Hakkar	Hakkar	ZG	Armor	Miscellaneous			Fury Warrior / Feral Druid
19876	Soul Corrupter's Necklace	Hakkar	ZG	Armor	Miscellaneous			
19863	Primalist's Seal	Bloodlord Mandokir	ZG	Armor	Miscellaneous			Healers
19885	Jin'do's Evil Eye	Jin'do the Hexxer	ZG	Armor	Miscellaneous			Healers (BIS Holy Priests) + Others
19905	Zanzil's Band	High Priest Venoxis	ZG	Armor	Miscellaneous			Warlocks
19893	Zanzil's Seal	Bloodlord Mandokir	ZG	Armor	Miscellaneous			Warlocks/Caster DPS
19891	Jin'do's Bag of Whammies	Jin'do the Hexxer	ZG	Armor	Miscellaneous			Caster DPS
19912	Overlord's Onyx Band	High Priestess Arlokk	ZG	Armor	Miscellaneous			Warrior OT (Main Tanks likey have better)
19923	Jeklik's Opaline Talisman	High Priestess Jeklik	ZG	Armor	Miscellaneous			Caster DPS
19925	Band of Jin	High Priestess Mar'li	ZG	Armor	Miscellaneous			Rogue/Warrior dps/Hunter
19898	Seal of Jin	High Priest Thekal	ZG	Armor	Miscellaneous			Rogue/Warrior dps/Hunter
19920	Primalist's Band	High Priestess Jeklik	ZG	Armor	Miscellaneous			Healers
19922	Arlokk's Hoodoo Stick	High Priestess Arlokk	ZG	Armor	Miscellaneous			Holy Pally/Resto Druid
19947	Nat Pagle's Broken Reel	Gahz'ranka	ZG	Armor	Miscellaneous			Tanks
19930	Mar'li's Eye	High Priestess Mar'li	ZG	Armor	Miscellaneous			None
22721	Band of Servitude	Zone Drop	ZG	Armor	Miscellaneous			Caster DPS
22722	Seal of the Gurubashi Berserker	Zone Drop	ZG	Armor	Miscellaneous			Melee DPS/Hunter
19855	Bloodsoaked Legplates	Hakkar	ZG	Armor	Plate			Prot Pally
19878	Bloodsoaked Pauldrons	Bloodlord Mandokir	ZG	Armor	Plate			Prot Pally
19913	Bloodsoaked Greaves	High Priestess Arlokk	ZG	Armor	Plate			Prot Pally
19894	Bloodsoaked Gauntlets	Jin'do the Hexxer	ZG	Armor	Plate			Prot Pally
20263	Gurubashi Helm	Zone Drop	ZG	Armor	Plate			None
20266	Peacekeeper Leggings	High Priest Thekal	ZG	Armor	Plate			Holy Pally
20265	Peacekeeper Boots	High Priestess Jeklik	ZG	Armor	Plate			Holy Pally
20264	Peacekeeper Gauntlets	Hakkar	ZG	Armor	Plate			Holy Pally BIS Phase 4
22714	Sacrificial Gauntlets	Zone Drop	ZG	Armor	Plate			Fury/Ret Pally
19874	Halberd of Smiting	Bloodlord Mandokir	ZG	Weapon	Polearm			Fury/Ret Pally
19963	Pitchfork of Madness	Renataki	ZG	Weapon	Polearm			None
19946	Tigule's Harpoon	Gahz'ranka	ZG	Weapon	Polearm			None
19712	Purple Hakkari Bijou	Zone Drop	ZG	Quest	Quest	TRUE		
19722	Primal Hakkari Tabard	Zone Drop	ZG	Quest	Quest	TRUE		
19710	Orange Hakkari Bijou	Zone Drop	ZG	Quest	Quest	TRUE		
19719	Primal Hakkari Girdle	Zone Drop	ZG	Quest	Quest	TRUE		
19708	Blue Hakkari Bijou	Zone Drop	ZG	Quest	Quest	TRUE		
19716	Primal Hakkari Bindings	Zone Drop	ZG	Quest	Quest	TRUE		
19713	Bronze Hakkari Bijou	Zone Drop	ZG	Quest	Quest	TRUE		
19715	Gold Hakkari Bijou	Zone Drop	ZG	Quest	Quest	TRUE		
19707	Red Hakkari Bijou	Zone Drop	ZG	Quest	Quest	TRUE		
19720	Primal Hakkari Sash	Zone Drop	ZG	Quest	Quest	TRUE		
19709	Yellow Hakkari Bijou	Zone Drop	ZG	Quest	Quest	TRUE		
19717	Primal Hakkari Armsplint	Zone Drop	ZG	Quest	Quest	TRUE		
19711	Green Hakkari Bijou	Zone Drop	ZG	Quest	Quest	TRUE		
19714	Silver Hakkari Bijou	Zone Drop	ZG	Quest	Quest	TRUE		
19724	Primal Hakkari Aegis	Zone Drop	ZG	Quest	Quest	TRUE		
19718	Primal Hakkari Stanchion	Zone Drop	ZG	Quest	Quest	TRUE		
19721	Primal Hakkari Shawl	Zone Drop	ZG	Quest	Quest	TRUE		
19723	Primal Hakkari Kossack	Zone Drop	ZG	Quest	Quest	TRUE		
19802	Heart of Hakkar	Hakkar	ZG	Quest	Quest	TRUE		None
19862	Aegis of the Blood God	Hakkar	ZG	Armor	Shield			Warrior Tank/Prot Pally
19915	Zulian Defender	High Priestess Jeklik	ZG	Armor	Shield			None
19884	Jin'do's Judgement	Jin'do the Hexxer	ZG	Weapon	Staff			Caster DPS
19909	Will of Arlokk	High Priestess Arlokk	ZG	Weapon	Staff			Healers (Weak Benediction)
19944	Nat Pagle's Fish Terminator	Gahz'ranka	ZG	Weapon	Staff			Feral
20258	Zulian Ceremonial Staff	Zone Drop	ZG	Weapon	Staff			None
19854	Zin'rokh, Destroyer of Worlds	Hakkar	ZG	Weapon	Sword			2H Fury/Ret pally
19865	Warblade of the Hakkari	Hakkar	ZG	Weapon	Sword			
19864	Bloodcaller	Hakkar	ZG	Weapon	Sword			Caster DPS
19867	Bloodlord's Defender	Bloodlord Mandokir	ZG	Weapon	Sword			Warrior Tank/Prot Pally
19866	Warblade of the Hakkari	Zone Drop	ZG	Weapon	Sword			
19901	Zulian Slicer	High Priest Thekal	ZG	Weapon	Sword			Skinners
19964	Renataki's Soul Conduit	Renataki	ZG	Weapon	Sword			None
19968	Fiery Retributer	Hazza'rah	ZG	Weapon	Sword			Prot Pally
19861	Touch of Chaos	Hakkar	ZG	Weapon	Wand			
19927	Mar'li's Touch	High Priestess Mar'li	ZG	Weapon	Wand			None
19967	Thoughtblighter	Hazza'rah	ZG	Weapon	Wand			Holy Priests